{
  "regime_filter": false,
  "chop_threshold": 2.5,
  "min_slope": 0.1,
  "ema_period": 15,
  "pullback_bars": 3,
  "signal_close_frac": 0.2,
  "stop_buffer": 1.0,
  "min_risk_price_units": 1.5,
  "cooldown_bars": 0,
  "max_trades_day": 1,
  "costs_per_trade_r": 0.04,
  "performance_340d": {
    "daily_sharpe_r": 2.191379361023487,
    "net_r": 88.51999999999947,
    "winrate": 0.4281767955801105,
    "profit_factor": 1.4111854329245639,
    "trades": 362,
    "max_dd_r_daily": -11.120000000000175,
    "max_dd_r_trade": -11.120000000000175
  }
}